file,position,overlap_area
Reslice of 0,0,3038.0
Reslice of 0,1,16667.0
Reslice of 0,2,93825.0
Reslice of 0,3,75788.0
Reslice of 0,4,6966.0
Reslice of 0,5,8290.0
Reslice of 0,6,6034.0
Reslice of 0,7,15770.0
Reslice of 0,8,8639.0
Reslice of 0,9,7836.0
Reslice of 0,10,4811.0
Reslice of 0,11,5684.0
Reslice of 0,12,1902.0
Reslice of 0,13,10163.0
Reslice of 0,14,5384.0
Reslice of 0,15,11571.0
Reslice of 0,16,23843.0
Reslice of 0,17,32701.0
Reslice of 0,18,46560.0
Reslice of 0,19,45414.0
Reslice of 0,20,36808.0
Reslice of 0,21,34392.0
Reslice of 0,22,29888.0
Reslice of 0,23,16259.0
Reslice of 0,24,6511.0
Reslice of 0,25,146744.0
Reslice of 0,26,203726.0
Reslice of 0,27,198085.0
Reslice of 0,28,70731.0
Reslice of 0,29,23623.0
Reslice of 0,30,8432.0
Reslice of 0,31,7703.0
Reslice of 0,32,6232.0
Reslice of 0,33,4076.0
Reslice of 0,34,17068.0
Reslice of 0,35,5711.0
Reslice of 0,36,8324.0
Reslice of 0,37,3033.0
Reslice of 0,38,5524.0
Reslice of 0,39,15110.0
Reslice of 0,40,14689.0
Reslice of 0,41,1852.0
Reslice of 0,42,3431.0
Reslice of 0,43,5744.0
Reslice of 0,44,3992.0
Reslice of 0,45,7866.0
Reslice of 0,46,5927.0
Reslice of 0,47,2505.0
Reslice of 0,48,3420.0
Reslice of 0,49,30582.0
Reslice of 0,50,46774.0
Reslice of 0,51,6790.0
Reslice of 0,52,4548.0
Reslice of 0,53,10491.0
Reslice of 0,54,3881.0
Reslice of 0,55,6286.0
Reslice of 0,56,22649.0
Reslice of 0,57,22067.0
Reslice of 0,58,8463.0
Reslice of 0,59,6208.0
Reslice of 0,60,5998.0
Reslice of 0,61,6986.0
Reslice of 0,62,2541.0
Reslice of 0,63,6842.0
Reslice of 0,64,8434.0
Reslice of 0,65,21654.0
Reslice of 0,66,17396.0
Reslice of 0,67,15307.0
Reslice of 0,68,2884.0
Reslice of 0,69,1298.0
Reslice of 0,70,3775.0
Reslice of 0,71,23150.0
Reslice of 0,72,50892.0
Reslice of 0,73,58220.0
Reslice of 0,74,44176.0
Reslice of 0,75,26061.0
Reslice of 0,76,4127.0
Reslice of 0,77,4356.0
Reslice of 0,78,1791.0
Reslice of 0,79,1080.0
Reslice of 0,80,4108.0
Reslice of 0,81,7910.0
Reslice of 0,82,26418.0
Reslice of 0,83,15334.0
Reslice of 0,84,3501.0
Reslice of 0,85,2371.0
Reslice of 0,86,978.0
Reslice of 0,87,2514.0
Reslice of 0,88,2253.0
Reslice of 0,89,2936.0
Reslice of 0,90,3468.0
Reslice of 0,91,3066.0
Reslice of 0,92,4950.0
Reslice of 0,93,3326.0
Reslice of 0,94,4130.0
Reslice of 0,95,6815.0
Reslice of 0,96,5029.0
Reslice of 0,97,21876.0
Reslice of 0,98,57062.0
Reslice of 0,99,39984.0
Reslice of 1,0,1863.0
Reslice of 1,1,5569.0
Reslice of 1,2,11315.0
Reslice of 1,3,5770.0
Reslice of 1,4,2069.0
Reslice of 1,5,972.0
Reslice of 1,6,21387.0
Reslice of 1,7,14142.0
Reslice of 1,8,7384.0
Reslice of 1,9,9493.0
Reslice of 1,10,1363.0
Reslice of 1,11,1544.0
Reslice of 1,12,2932.0
Reslice of 1,13,3509.0
Reslice of 1,14,4947.0
Reslice of 1,15,2805.0
Reslice of 1,16,10124.0
Reslice of 1,17,17434.0
Reslice of 1,18,30696.0
Reslice of 1,19,136232.0
Reslice of 1,20,8567.0
Reslice of 1,21,2476.0
Reslice of 1,22,1192.0
Reslice of 1,23,2328.0
Reslice of 1,24,2200.0
Reslice of 1,25,10932.0
Reslice of 1,26,16509.0
Reslice of 1,27,4670.0
Reslice of 1,28,2979.0
Reslice of 1,29,16422.0
Reslice of 1,30,23600.0
Reslice of 1,31,328.0
Reslice of 1,32,966.0
Reslice of 1,33,24510.0
Reslice of 1,34,51934.0
Reslice of 1,35,58728.0
Reslice of 1,36,33283.0
Reslice of 1,37,30159.0
Reslice of 1,38,3497.0
Reslice of 1,39,8010.0
Reslice of 1,40,528.0
Reslice of 1,41,2079.0
Reslice of 1,42,2537.0
Reslice of 1,43,6897.0
Reslice of 1,44,9659.0
Reslice of 1,45,692.0
Reslice of 1,46,171906.0
Reslice of 1,47,252456.0
Reslice of 1,48,258482.0
Reslice of 1,49,98978.0
Reslice of 1,50,58780.0
Reslice of 1,51,44021.0
Reslice of 1,52,26715.0
Reslice of 1,53,3600.0
Reslice of 1,54,2028.0
Reslice of 1,55,12720.0
Reslice of 1,56,60292.0
Reslice of 1,57,29199.0
Reslice of 1,58,29851.0
Reslice of 1,59,35272.0
Reslice of 1,60,27179.0
Reslice of 1,61,5627.0
Reslice of 1,62,1597.0
Reslice of 1,63,7024.0
Reslice of 1,64,2315.0
Reslice of 1,65,3537.0
Reslice of 1,66,2545.0
Reslice of 1,67,5964.0
Reslice of 1,68,4277.0
Reslice of 1,69,7051.0
Reslice of 1,70,11141.0
Reslice of 1,71,3346.0
Reslice of 1,72,3194.0
Reslice of 1,73,6140.0
Reslice of 1,74,96653.0
Reslice of 1,75,21359.0
Reslice of 1,76,4002.0
Reslice of 1,77,4164.0
Reslice of 1,78,3834.0
Reslice of 1,79,10673.0
Reslice of 1,80,12582.0
Reslice of 1,81,6296.0
Reslice of 1,82,15676.0
Reslice of 1,83,16074.0
Reslice of 1,84,16282.0
Reslice of 1,85,9776.0
Reslice of 1,86,2319.0
Reslice of 1,87,17144.0
Reslice of 1,88,10074.0
Reslice of 1,89,2329.0
Reslice of 1,90,8972.0
Reslice of 1,91,5815.0
Reslice of 1,92,4934.0
Reslice of 1,93,5256.0
Reslice of 1,94,5028.0
Reslice of 1,95,6833.0
Reslice of 1,96,6103.0
Reslice of 1,97,8101.0
Reslice of 1,98,10379.0
Reslice of 1,99,16984.0
Reslice of 4,0,6244.0
Reslice of 4,1,4000.0
Reslice of 4,2,1722.0
Reslice of 4,3,2553.0
Reslice of 4,4,5184.0
Reslice of 4,5,4754.0
Reslice of 4,6,7485.0
Reslice of 4,7,6314.0
Reslice of 4,8,12221.0
Reslice of 4,9,17499.0
Reslice of 4,10,4999.0
Reslice of 4,11,1535.0
Reslice of 4,12,1676.0
Reslice of 4,13,4943.0
Reslice of 4,14,3036.0
Reslice of 4,15,3769.0
Reslice of 4,16,5402.0
Reslice of 4,17,7231.0
Reslice of 4,18,3599.0
Reslice of 4,19,3114.0
Reslice of 4,20,3078.0
Reslice of 4,21,2450.0
Reslice of 4,22,5427.0
Reslice of 4,23,25228.0
Reslice of 4,24,2890.0
Reslice of 4,25,2770.0
Reslice of 4,26,1503.0
Reslice of 4,27,1455.0
Reslice of 4,28,1405.0
Reslice of 4,29,3528.0
Reslice of 4,30,8795.0
Reslice of 4,31,2189.0
Reslice of 4,32,1544.0
Reslice of 4,33,1046.0
Reslice of 4,34,4261.0
Reslice of 4,35,18535.0
Reslice of 4,36,2971.0
Reslice of 4,37,1700.0
Reslice of 4,38,8556.0
Reslice of 4,39,11574.0
Reslice of 4,40,13524.0
Reslice of 4,41,16897.0
Reslice of 4,42,10344.0
Reslice of 4,43,4901.0
Reslice of 4,44,8283.0
Reslice of 4,45,7085.0
Reslice of 4,46,3880.0
Reslice of 4,47,5414.0
Reslice of 4,48,10330.0
Reslice of 4,49,8256.0
Reslice of 4,50,7253.0
Reslice of 4,51,10968.0
Reslice of 4,52,5086.0
Reslice of 4,53,2476.0
Reslice of 4,54,1093.0
Reslice of 4,55,3222.0
Reslice of 4,56,1698.0
Reslice of 4,57,5775.0
Reslice of 4,58,2975.0
Reslice of 4,59,1529.0
Reslice of 4,60,1032.0
Reslice of 4,61,3838.0
Reslice of 4,62,3003.0
Reslice of 4,63,272.0
Reslice of 4,64,5192.0
Reslice of 4,65,1852.0
Reslice of 4,66,4556.0
Reslice of 4,67,3426.0
Reslice of 4,68,3862.0
Reslice of 4,69,5573.0
Reslice of 4,70,13017.0
Reslice of 4,71,4078.0
Reslice of 4,72,7018.0
Reslice of 4,73,2371.0
Reslice of 4,74,5217.0
Reslice of 4,75,9014.0
Reslice of 4,76,3045.0
Reslice of 4,77,6134.0
Reslice of 4,78,8920.0
Reslice of 4,79,13320.0
Reslice of 4,80,18241.0
Reslice of 4,81,13756.0
Reslice of 4,82,98197.0
Reslice of 4,83,161542.0
Reslice of 4,84,78456.0
Reslice of 4,85,20099.0
Reslice of 4,86,21801.0
Reslice of 4,87,11889.0
Reslice of 4,88,3499.0
Reslice of 4,89,2567.0
Reslice of 4,90,4406.0
Reslice of 4,91,3196.0
Reslice of 4,92,4646.0
Reslice of 4,93,6303.0
Reslice of 4,94,4361.0
Reslice of 4,95,3731.0
Reslice of 4,96,7347.0
Reslice of 4,97,4138.0
Reslice of 4,98,4278.0
Reslice of 4,99,8513.0
Reslice of 5,0,41216.0
Reslice of 5,1,36360.0
Reslice of 5,2,30853.0
Reslice of 5,3,9088.0
Reslice of 5,4,4553.0
Reslice of 5,5,9874.0
Reslice of 5,6,8192.0
Reslice of 5,7,16568.0
Reslice of 5,8,29458.0
Reslice of 5,9,53722.0
Reslice of 5,10,75967.0
Reslice of 5,11,82937.0
Reslice of 5,12,94318.0
Reslice of 5,13,99117.0
Reslice of 5,14,100916.0
Reslice of 5,15,112424.0
Reslice of 5,16,128427.0
Reslice of 5,17,128816.0
Reslice of 5,18,124754.0
Reslice of 5,19,115375.0
Reslice of 5,20,105339.0
Reslice of 5,21,95017.0
Reslice of 5,22,81876.0
Reslice of 5,23,57643.0
Reslice of 5,24,37670.0
Reslice of 5,25,20531.0
Reslice of 5,26,1750.0
Reslice of 5,27,10858.0
Reslice of 5,28,4349.0
Reslice of 5,29,5378.0
Reslice of 5,30,8903.0
Reslice of 5,31,16231.0
Reslice of 5,32,22831.0
Reslice of 5,33,15111.0
Reslice of 5,34,21036.0
Reslice of 5,35,11152.0
Reslice of 5,36,4875.0
Reslice of 5,37,2835.0
Reslice of 5,38,13263.0
Reslice of 5,39,3982.0
Reslice of 5,40,2202.0
Reslice of 5,41,3350.0
Reslice of 5,42,4602.0
Reslice of 5,43,7713.0
Reslice of 5,44,10648.0
Reslice of 5,45,13460.0
Reslice of 5,46,9282.0
Reslice of 5,47,17707.0
Reslice of 5,48,32244.0
Reslice of 5,49,47178.0
Reslice of 5,50,40981.0
Reslice of 5,51,37156.0
Reslice of 5,52,28031.0
Reslice of 5,53,16033.0
Reslice of 5,54,4920.0
Reslice of 5,55,5352.0
Reslice of 5,56,2888.0
Reslice of 5,57,1024.0
Reslice of 5,58,4025.0
Reslice of 5,59,2398.0
Reslice of 5,60,3630.0
Reslice of 5,61,17139.0
Reslice of 5,62,8364.0
Reslice of 5,63,2123.0
Reslice of 5,64,2855.0
Reslice of 5,65,5869.0
Reslice of 5,66,17365.0
Reslice of 5,67,42855.0
Reslice of 5,68,9067.0
Reslice of 5,69,18266.0
Reslice of 5,70,28815.0
Reslice of 5,71,39975.0
Reslice of 5,72,34928.0
Reslice of 5,73,22594.0
Reslice of 5,74,20087.0
Reslice of 5,75,8967.0
Reslice of 5,76,3291.0
Reslice of 5,77,3185.0
Reslice of 5,78,4360.0
Reslice of 5,79,8310.0
Reslice of 5,80,14770.0
Reslice of 5,81,19607.0
Reslice of 5,82,11346.0
Reslice of 5,83,4575.0
Reslice of 5,84,2219.0
Reslice of 5,85,1825.0
Reslice of 5,86,2819.0
Reslice of 5,87,2018.0
Reslice of 5,88,3300.0
Reslice of 5,89,3007.0
Reslice of 5,90,3660.0
Reslice of 5,91,56374.0
Reslice of 5,92,86997.0
Reslice of 5,93,46428.0
Reslice of 5,94,16779.0
Reslice of 5,95,4048.0
Reslice of 5,96,4266.0
Reslice of 5,97,3705.0
Reslice of 5,98,8434.0
Reslice of 5,99,13149.0
Reslice of 6,0,19790.0
Reslice of 6,1,24013.0
Reslice of 6,2,4670.0
Reslice of 6,3,954.0
Reslice of 6,4,1485.0
Reslice of 6,5,737.0
Reslice of 6,6,1030.0
Reslice of 6,7,5146.0
Reslice of 6,8,1016.0
Reslice of 6,9,2092.0
Reslice of 6,10,1450.0
Reslice of 6,11,3254.0
Reslice of 6,12,3344.0
Reslice of 6,13,8708.0
Reslice of 6,14,10075.0
Reslice of 6,15,61248.0
Reslice of 6,16,2253.0
Reslice of 6,17,930.0
Reslice of 6,18,510.0
Reslice of 6,19,16223.0
Reslice of 6,20,41819.0
Reslice of 6,21,52058.0
Reslice of 6,22,61099.0
Reslice of 6,23,76241.0
Reslice of 6,24,59123.0
Reslice of 6,25,28353.0
Reslice of 6,26,33981.0
Reslice of 6,27,37893.0
Reslice of 6,28,38883.0
Reslice of 6,29,27708.0
Reslice of 6,30,10944.0
Reslice of 6,31,4166.0
Reslice of 6,32,1411.0
Reslice of 6,33,2749.0
Reslice of 6,34,1655.0
Reslice of 6,35,2795.0
Reslice of 6,36,875.0
Reslice of 6,37,2982.0
Reslice of 6,38,697.0
Reslice of 6,39,1042.0
Reslice of 6,40,1394.0
Reslice of 6,41,4395.0
Reslice of 6,42,1506.0
Reslice of 6,43,1975.0
Reslice of 6,44,109.0
Reslice of 6,45,470.0
Reslice of 6,46,4516.0
Reslice of 6,47,14667.0
Reslice of 6,48,29399.0
Reslice of 6,49,61485.0
Reslice of 6,50,8752.0
Reslice of 6,51,1824.0
Reslice of 6,52,2163.0
Reslice of 6,53,6815.0
Reslice of 6,54,1185.0
Reslice of 6,55,3172.0
Reslice of 6,56,46976.0
Reslice of 6,57,22090.0
Reslice of 6,58,39484.0
Reslice of 6,59,19570.0
Reslice of 6,60,360.0
Reslice of 6,61,9422.0
Reslice of 6,62,8092.0
Reslice of 6,63,839.0
Reslice of 6,64,25675.0
Reslice of 6,65,50568.0
Reslice of 6,66,12826.0
Reslice of 6,67,2188.0
Reslice of 6,68,740.0
Reslice of 6,69,2366.0
Reslice of 6,70,2571.0
Reslice of 6,71,1756.0
Reslice of 6,72,930.0
Reslice of 6,73,1758.0
Reslice of 6,74,3409.0
Reslice of 6,75,3928.0
Reslice of 6,76,1878.0
Reslice of 6,77,1494.0
Reslice of 6,78,962.0
Reslice of 6,79,1641.0
Reslice of 6,80,4671.0
Reslice of 6,81,2986.0
Reslice of 6,82,438.0
Reslice of 6,83,20948.0
Reslice of 6,84,13927.0
Reslice of 6,85,25419.0
Reslice of 6,86,3788.0
Reslice of 6,87,5024.0
Reslice of 6,88,465.0
Reslice of 6,89,7652.0
Reslice of 6,90,5460.0
Reslice of 6,91,1985.0
Reslice of 6,92,1385.0
Reslice of 6,93,2315.0
Reslice of 6,94,9362.0
Reslice of 6,95,15686.0
Reslice of 6,96,6525.0
Reslice of 6,97,619.0
Reslice of 6,98,1210.0
Reslice of 6,99,1696.0
Reslice of 7,0,6812.0
Reslice of 7,1,560.0
Reslice of 7,2,2845.0
Reslice of 7,3,10466.0
Reslice of 7,4,26246.0
Reslice of 7,5,31521.0
Reslice of 7,6,2103.0
Reslice of 7,7,2007.0
Reslice of 7,8,1466.0
Reslice of 7,9,3416.0
Reslice of 7,10,138.0
Reslice of 7,11,752.0
Reslice of 7,12,14205.0
Reslice of 7,13,3586.0
Reslice of 7,14,6477.0
Reslice of 7,15,15239.0
Reslice of 7,16,20304.0
Reslice of 7,17,31885.0
Reslice of 7,18,72161.0
Reslice of 7,19,67841.0
Reslice of 7,20,63101.0
Reslice of 7,21,63737.0
Reslice of 7,22,65753.0
Reslice of 7,23,67564.0
Reslice of 7,24,57340.0
Reslice of 7,25,3125.0
Reslice of 7,26,4178.0
Reslice of 7,27,3218.0
Reslice of 7,28,2315.0
Reslice of 7,29,87085.0
Reslice of 7,30,53500.0
Reslice of 7,31,4122.0
Reslice of 7,32,22510.0
Reslice of 7,33,10712.0
Reslice of 7,34,6906.0
Reslice of 7,35,5311.0
Reslice of 7,36,6120.0
Reslice of 7,37,4145.0
Reslice of 7,38,5889.0
Reslice of 7,39,36873.0
Reslice of 7,40,2174.0
Reslice of 7,41,2449.0
Reslice of 7,42,1711.0
Reslice of 7,43,719.0
Reslice of 7,44,761.0
Reslice of 7,45,3373.0
Reslice of 7,46,2130.0
Reslice of 7,47,4244.0
Reslice of 7,48,226.0
Reslice of 7,49,141.0
Reslice of 7,50,4068.0
Reslice of 7,51,14959.0
Reslice of 7,52,2093.0
Reslice of 7,53,17180.0
Reslice of 7,54,16480.0
Reslice of 7,55,32072.0
Reslice of 7,56,12882.0
Reslice of 7,57,4579.0
Reslice of 7,58,2799.0
Reslice of 7,59,4666.0
Reslice of 7,60,5359.0
Reslice of 7,61,8082.0
Reslice of 7,62,16729.0
Reslice of 7,63,3355.0
Reslice of 7,64,4204.0
Reslice of 7,65,3335.0
Reslice of 7,66,1175.0
Reslice of 7,67,4712.0
Reslice of 7,68,10249.0
Reslice of 7,69,14135.0
Reslice of 7,70,6886.0
Reslice of 7,71,17683.0
Reslice of 7,72,17453.0
Reslice of 7,73,15247.0
Reslice of 7,74,6485.0
Reslice of 7,75,45514.0
Reslice of 7,76,0.0
Reslice of 7,77,3243.0
Reslice of 7,78,13918.0
Reslice of 7,79,26954.0
Reslice of 7,80,23059.0
Reslice of 7,81,15042.0
Reslice of 7,82,13687.0
Reslice of 7,83,5837.0
Reslice of 7,84,3401.0
Reslice of 7,85,3949.0
Reslice of 7,86,5679.0
Reslice of 7,87,6876.0
Reslice of 7,88,4889.0
Reslice of 7,89,1054.0
Reslice of 7,90,1790.0
Reslice of 7,91,1056.0
Reslice of 7,92,1782.0
Reslice of 7,93,1939.0
Reslice of 7,94,6551.0
Reslice of 7,95,38.0
Reslice of 7,96,2669.0
Reslice of 7,97,2584.0
Reslice of 7,98,1365.0
Reslice of 7,99,1828.0
Reslice of 8,0,653.0
Reslice of 8,1,2320.0
Reslice of 8,2,365.0
Reslice of 8,3,2109.0
Reslice of 8,4,12277.0
Reslice of 8,5,27439.0
Reslice of 8,6,31883.0
Reslice of 8,7,33273.0
Reslice of 8,8,9074.0
Reslice of 8,9,31144.0
Reslice of 8,10,32312.0
Reslice of 8,11,16699.0
Reslice of 8,12,1676.0
Reslice of 8,13,1141.0
Reslice of 8,14,10659.0
Reslice of 8,15,10865.0
Reslice of 8,16,12581.0
Reslice of 8,17,16522.0
Reslice of 8,18,23010.0
Reslice of 8,19,28538.0
Reslice of 8,20,30071.0
Reslice of 8,21,9393.0
Reslice of 8,22,939.0
Reslice of 8,23,960.0
Reslice of 8,24,6404.0
Reslice of 8,25,1114.0
Reslice of 8,26,1124.0
Reslice of 8,27,6018.0
Reslice of 8,28,627.0
Reslice of 8,29,2145.0
Reslice of 8,30,1185.0
Reslice of 8,31,2173.0
Reslice of 8,32,807.0
Reslice of 8,33,15963.0
Reslice of 8,34,17201.0
Reslice of 8,35,8408.0
Reslice of 8,36,230.0
Reslice of 8,37,975.0
Reslice of 8,38,421.0
Reslice of 8,39,687.0
Reslice of 8,40,3596.0
Reslice of 8,41,592.0
Reslice of 8,42,1095.0
Reslice of 8,43,3054.0
Reslice of 8,44,1983.0
Reslice of 8,45,7361.0
Reslice of 8,46,11180.0
Reslice of 8,47,16561.0
Reslice of 8,48,7780.0
Reslice of 8,49,7524.0
Reslice of 8,50,8858.0
Reslice of 8,51,2311.0
Reslice of 8,52,2115.0
Reslice of 8,53,1001.0
Reslice of 8,54,3021.0
Reslice of 8,55,2515.0
Reslice of 8,56,4779.0
Reslice of 8,57,2235.0
Reslice of 8,58,4836.0
Reslice of 8,59,3088.0
Reslice of 8,60,1059.0
Reslice of 8,61,16962.0
Reslice of 8,62,103887.0
Reslice of 8,63,128558.0
Reslice of 8,64,44350.0
Reslice of 8,65,11912.0
Reslice of 8,66,1484.0
Reslice of 8,67,1264.0
Reslice of 8,68,1311.0
Reslice of 8,69,6331.0
Reslice of 8,70,4155.0
Reslice of 8,71,21652.0
Reslice of 8,72,1703.0
Reslice of 8,73,1380.0
Reslice of 8,74,5451.0
Reslice of 8,75,1862.0
Reslice of 8,76,5056.0
Reslice of 8,77,4376.0
Reslice of 8,78,1408.0
Reslice of 8,79,16327.0
Reslice of 8,80,2097.0
Reslice of 8,81,2023.0
Reslice of 8,82,1847.0
Reslice of 8,83,1993.0
Reslice of 8,84,1919.0
Reslice of 8,85,2777.0
Reslice of 8,86,1444.0
Reslice of 8,87,3475.0
Reslice of 8,88,2531.0
Reslice of 8,89,8229.0
Reslice of 8,90,14913.0
Reslice of 8,91,2556.0
Reslice of 8,92,3374.0
Reslice of 8,93,9616.0
Reslice of 8,94,982.0
Reslice of 8,95,2263.0
Reslice of 8,96,965.0
Reslice of 8,97,6147.0
Reslice of 8,98,1438.0
Reslice of 8,99,5059.0
Reslice of 9,0,9847.0
Reslice of 9,1,15762.0
Reslice of 9,2,24297.0
Reslice of 9,3,19092.0
Reslice of 9,4,12331.0
Reslice of 9,5,11630.0
Reslice of 9,6,50914.0
Reslice of 9,7,47638.0
Reslice of 9,8,23316.0
Reslice of 9,9,23981.0
Reslice of 9,10,7584.0
Reslice of 9,11,2825.0
Reslice of 9,12,2588.0
Reslice of 9,13,4375.0
Reslice of 9,14,2489.0
Reslice of 9,15,3367.0
Reslice of 9,16,4122.0
Reslice of 9,17,4395.0
Reslice of 9,18,4128.0
Reslice of 9,19,2221.0
Reslice of 9,20,4194.0
Reslice of 9,21,6392.0
Reslice of 9,22,3953.0
Reslice of 9,23,986.0
Reslice of 9,24,1217.0
Reslice of 9,25,15700.0
Reslice of 9,26,8831.0
Reslice of 9,27,2843.0
Reslice of 9,28,4238.0
Reslice of 9,29,3050.0
Reslice of 9,30,1813.0
Reslice of 9,31,1177.0
Reslice of 9,32,2929.0
Reslice of 9,33,5634.0
Reslice of 9,34,5239.0
Reslice of 9,35,18124.0
Reslice of 9,36,11656.0
Reslice of 9,37,8099.0
Reslice of 9,38,11520.0
Reslice of 9,39,10787.0
Reslice of 9,40,1520.0
Reslice of 9,41,2032.0
Reslice of 9,42,2294.0
Reslice of 9,43,2076.0
Reslice of 9,44,2308.0
Reslice of 9,45,1839.0
Reslice of 9,46,1167.0
Reslice of 9,47,1397.0
Reslice of 9,48,1292.0
Reslice of 9,49,1114.0
Reslice of 9,50,2864.0
Reslice of 9,51,4007.0
Reslice of 9,52,5912.0
Reslice of 9,53,40406.0
Reslice of 9,54,13065.0
Reslice of 9,55,3129.0
Reslice of 9,56,10922.0
Reslice of 9,57,8989.0
Reslice of 9,58,5129.0
Reslice of 9,59,1070.0
Reslice of 9,60,1277.0
Reslice of 9,61,5774.0
Reslice of 9,62,3846.0
Reslice of 9,63,40231.0
Reslice of 9,64,26339.0
Reslice of 9,65,2306.0
Reslice of 9,66,1268.0
Reslice of 9,67,2010.0
Reslice of 9,68,2344.0
Reslice of 9,69,6451.0
Reslice of 9,70,19035.0
Reslice of 9,71,9762.0
Reslice of 9,72,2923.0
Reslice of 9,73,1730.0
Reslice of 9,74,4354.0
Reslice of 9,75,3423.0
Reslice of 9,76,1154.0
Reslice of 9,77,3209.0
Reslice of 9,78,2196.0
Reslice of 9,79,865.0
Reslice of 9,80,1609.0
Reslice of 9,81,1525.0
Reslice of 9,82,4615.0
Reslice of 9,83,11115.0
Reslice of 9,84,7249.0
Reslice of 9,85,7106.0
Reslice of 9,86,7019.0
Reslice of 9,87,22269.0
Reslice of 9,88,7374.0
Reslice of 9,89,2747.0
Reslice of 9,90,2095.0
Reslice of 9,91,1946.0
Reslice of 9,92,2051.0
Reslice of 9,93,3624.0
Reslice of 9,94,14453.0
Reslice of 9,95,50508.0
Reslice of 9,96,85281.0
Reslice of 9,97,109748.0
Reslice of 9,98,41610.0
Reslice of 9,99,24641.0
