file,position,overlap_number
Reslice of 0,0,4
Reslice of 0,1,4
Reslice of 0,2,5
Reslice of 0,3,2
Reslice of 0,4,3
Reslice of 0,5,1
Reslice of 0,6,2
Reslice of 0,7,1
Reslice of 0,8,1
Reslice of 0,9,1
Reslice of 0,10,1
Reslice of 0,11,5
Reslice of 0,12,4
Reslice of 0,13,2
Reslice of 0,14,1
Reslice of 0,15,1
Reslice of 0,16,2
Reslice of 0,17,1
Reslice of 0,18,2
Reslice of 0,19,1
Reslice of 0,20,1
Reslice of 0,21,1
Reslice of 0,22,1
Reslice of 0,23,2
Reslice of 0,24,1
Reslice of 0,25,2
Reslice of 0,26,1
Reslice of 0,27,1
Reslice of 0,28,1
Reslice of 0,29,2
Reslice of 0,30,2
Reslice of 0,31,1
Reslice of 0,32,2
Reslice of 0,33,0
Reslice of 0,34,2
Reslice of 0,35,1
Reslice of 0,36,1
Reslice of 0,37,2
Reslice of 0,38,1
Reslice of 0,39,3
Reslice of 0,40,2
Reslice of 0,41,1
Reslice of 0,42,1
Reslice of 0,43,2
Reslice of 0,44,3
Reslice of 0,45,3
Reslice of 0,46,2
Reslice of 0,47,2
Reslice of 0,48,2
Reslice of 0,49,3
Reslice of 0,50,5
Reslice of 0,51,4
Reslice of 0,52,2
Reslice of 0,53,2
Reslice of 0,54,1
Reslice of 0,55,1
Reslice of 0,56,1
Reslice of 0,57,2
Reslice of 0,58,2
Reslice of 0,59,1
Reslice of 0,60,1
Reslice of 0,61,1
Reslice of 0,62,2
Reslice of 0,63,5
Reslice of 0,64,4
Reslice of 0,65,4
Reslice of 0,66,3
Reslice of 0,67,2
Reslice of 0,68,2
Reslice of 0,69,2
Reslice of 0,70,3
Reslice of 0,71,4
Reslice of 0,72,3
Reslice of 0,73,3
Reslice of 0,74,5
Reslice of 0,75,5
Reslice of 0,76,1
Reslice of 0,77,3
Reslice of 0,78,3
Reslice of 0,79,2
Reslice of 0,80,3
Reslice of 0,81,1
Reslice of 0,82,2
Reslice of 0,83,3
Reslice of 0,84,1
Reslice of 0,85,2
Reslice of 0,86,1
Reslice of 0,87,3
Reslice of 0,88,1
Reslice of 0,89,2
Reslice of 0,90,1
Reslice of 0,91,1
Reslice of 0,92,1
Reslice of 0,93,1
Reslice of 0,94,1
Reslice of 0,95,3
Reslice of 0,96,2
Reslice of 0,97,1
Reslice of 0,98,1
Reslice of 0,99,3
Reslice of 1,0,1
Reslice of 1,1,2
Reslice of 1,2,2
Reslice of 1,3,1
Reslice of 1,4,1
Reslice of 1,5,1
Reslice of 1,6,4
Reslice of 1,7,4
Reslice of 1,8,1
Reslice of 1,9,4
Reslice of 1,10,2
Reslice of 1,11,2
Reslice of 1,12,2
Reslice of 1,13,2
Reslice of 1,14,1
Reslice of 1,15,2
Reslice of 1,16,1
Reslice of 1,17,3
Reslice of 1,18,1
Reslice of 1,19,4
Reslice of 1,20,1
Reslice of 1,21,1
Reslice of 1,22,1
Reslice of 1,23,2
Reslice of 1,24,2
Reslice of 1,25,2
Reslice of 1,26,3
Reslice of 1,27,2
Reslice of 1,28,2
Reslice of 1,29,2
Reslice of 1,30,2
Reslice of 1,31,2
Reslice of 1,32,2
Reslice of 1,33,2
Reslice of 1,34,4
Reslice of 1,35,5
Reslice of 1,36,4
Reslice of 1,37,2
Reslice of 1,38,2
Reslice of 1,39,2
Reslice of 1,40,3
Reslice of 1,41,2
Reslice of 1,42,1
Reslice of 1,43,2
Reslice of 1,44,2
Reslice of 1,45,0
Reslice of 1,46,2
Reslice of 1,47,2
Reslice of 1,48,1
Reslice of 1,49,2
Reslice of 1,50,1
Reslice of 1,51,2
Reslice of 1,52,3
Reslice of 1,53,2
Reslice of 1,54,1
Reslice of 1,55,1
Reslice of 1,56,2
Reslice of 1,57,1
Reslice of 1,58,4
Reslice of 1,59,3
Reslice of 1,60,1
Reslice of 1,61,2
Reslice of 1,62,1
Reslice of 1,63,4
Reslice of 1,64,2
Reslice of 1,65,2
Reslice of 1,66,2
Reslice of 1,67,2
Reslice of 1,68,2
Reslice of 1,69,3
Reslice of 1,70,3
Reslice of 1,71,3
Reslice of 1,72,2
Reslice of 1,73,1
Reslice of 1,74,1
Reslice of 1,75,1
Reslice of 1,76,2
Reslice of 1,77,2
Reslice of 1,78,2
Reslice of 1,79,3
Reslice of 1,80,2
Reslice of 1,81,3
Reslice of 1,82,3
Reslice of 1,83,3
Reslice of 1,84,2
Reslice of 1,85,4
Reslice of 1,86,3
Reslice of 1,87,2
Reslice of 1,88,2
Reslice of 1,89,1
Reslice of 1,90,3
Reslice of 1,91,4
Reslice of 1,92,3
Reslice of 1,93,2
Reslice of 1,94,5
Reslice of 1,95,3
Reslice of 1,96,5
Reslice of 1,97,5
Reslice of 1,98,4
Reslice of 1,99,2
Reslice of 4,0,2
Reslice of 4,1,1
Reslice of 4,2,2
Reslice of 4,3,1
Reslice of 4,4,2
Reslice of 4,5,2
Reslice of 4,6,3
Reslice of 4,7,2
Reslice of 4,8,3
Reslice of 4,9,2
Reslice of 4,10,2
Reslice of 4,11,1
Reslice of 4,12,3
Reslice of 4,13,3
Reslice of 4,14,4
Reslice of 4,15,6
Reslice of 4,16,3
Reslice of 4,17,3
Reslice of 4,18,2
Reslice of 4,19,2
Reslice of 4,20,2
Reslice of 4,21,1
Reslice of 4,22,3
Reslice of 4,23,1
Reslice of 4,24,3
Reslice of 4,25,3
Reslice of 4,26,1
Reslice of 4,27,2
Reslice of 4,28,3
Reslice of 4,29,3
Reslice of 4,30,7
Reslice of 4,31,2
Reslice of 4,32,3
Reslice of 4,33,3
Reslice of 4,34,3
Reslice of 4,35,3
Reslice of 4,36,4
Reslice of 4,37,1
Reslice of 4,38,4
Reslice of 4,39,3
Reslice of 4,40,4
Reslice of 4,41,6
Reslice of 4,42,4
Reslice of 4,43,3
Reslice of 4,44,5
Reslice of 4,45,4
Reslice of 4,46,2
Reslice of 4,47,3
Reslice of 4,48,3
Reslice of 4,49,4
Reslice of 4,50,4
Reslice of 4,51,3
Reslice of 4,52,2
Reslice of 4,53,3
Reslice of 4,54,1
Reslice of 4,55,2
Reslice of 4,56,3
Reslice of 4,57,2
Reslice of 4,58,2
Reslice of 4,59,2
Reslice of 4,60,2
Reslice of 4,61,6
Reslice of 4,62,4
Reslice of 4,63,0
Reslice of 4,64,4
Reslice of 4,65,2
Reslice of 4,66,3
Reslice of 4,67,4
Reslice of 4,68,4
Reslice of 4,69,3
Reslice of 4,70,3
Reslice of 4,71,2
Reslice of 4,72,4
Reslice of 4,73,2
Reslice of 4,74,3
Reslice of 4,75,5
Reslice of 4,76,1
Reslice of 4,77,4
Reslice of 4,78,5
Reslice of 4,79,4
Reslice of 4,80,2
Reslice of 4,81,1
Reslice of 4,82,3
Reslice of 4,83,1
Reslice of 4,84,2
Reslice of 4,85,1
Reslice of 4,86,1
Reslice of 4,87,1
Reslice of 4,88,4
Reslice of 4,89,4
Reslice of 4,90,5
Reslice of 4,91,6
Reslice of 4,92,1
Reslice of 4,93,6
Reslice of 4,94,4
Reslice of 4,95,2
Reslice of 4,96,3
Reslice of 4,97,4
Reslice of 4,98,5
Reslice of 4,99,4
Reslice of 5,0,3
Reslice of 5,1,3
Reslice of 5,2,9
Reslice of 5,3,4
Reslice of 5,4,3
Reslice of 5,5,4
Reslice of 5,6,3
Reslice of 5,7,4
Reslice of 5,8,3
Reslice of 5,9,2
Reslice of 5,10,3
Reslice of 5,11,2
Reslice of 5,12,3
Reslice of 5,13,4
Reslice of 5,14,1
Reslice of 5,15,1
Reslice of 5,16,2
Reslice of 5,17,4
Reslice of 5,18,2
Reslice of 5,19,3
Reslice of 5,20,4
Reslice of 5,21,1
Reslice of 5,22,2
Reslice of 5,23,1
Reslice of 5,24,4
Reslice of 5,25,4
Reslice of 5,26,7
Reslice of 5,27,9
Reslice of 5,28,6
Reslice of 5,29,9
Reslice of 5,30,3
Reslice of 5,31,3
Reslice of 5,32,7
Reslice of 5,33,6
Reslice of 5,34,4
Reslice of 5,35,6
Reslice of 5,36,4
Reslice of 5,37,5
Reslice of 5,38,4
Reslice of 5,39,5
Reslice of 5,40,2
Reslice of 5,41,3
Reslice of 5,42,7
Reslice of 5,43,1
Reslice of 5,44,3
Reslice of 5,45,2
Reslice of 5,46,2
Reslice of 5,47,5
Reslice of 5,48,4
Reslice of 5,49,4
Reslice of 5,50,4
Reslice of 5,51,7
Reslice of 5,52,6
Reslice of 5,53,7
Reslice of 5,54,2
Reslice of 5,55,5
Reslice of 5,56,5
Reslice of 5,57,1
Reslice of 5,58,3
Reslice of 5,59,3
Reslice of 5,60,2
Reslice of 5,61,3
Reslice of 5,62,3
Reslice of 5,63,2
Reslice of 5,64,4
Reslice of 5,65,1
Reslice of 5,66,1
Reslice of 5,67,2
Reslice of 5,68,2
Reslice of 5,69,1
Reslice of 5,70,2
Reslice of 5,71,2
Reslice of 5,72,4
Reslice of 5,73,3
Reslice of 5,74,3
Reslice of 5,75,2
Reslice of 5,76,3
Reslice of 5,77,2
Reslice of 5,78,7
Reslice of 5,79,4
Reslice of 5,80,2
Reslice of 5,81,1
Reslice of 5,82,2
Reslice of 5,83,3
Reslice of 5,84,1
Reslice of 5,85,2
Reslice of 5,86,2
Reslice of 5,87,1
Reslice of 5,88,2
Reslice of 5,89,4
Reslice of 5,90,3
Reslice of 5,91,3
Reslice of 5,92,4
Reslice of 5,93,3
Reslice of 5,94,4
Reslice of 5,95,3
Reslice of 5,96,2
Reslice of 5,97,3
Reslice of 5,98,2
Reslice of 5,99,3
Reslice of 6,0,1
Reslice of 6,1,1
Reslice of 6,2,3
Reslice of 6,3,3
Reslice of 6,4,1
Reslice of 6,5,1
Reslice of 6,6,1
Reslice of 6,7,2
Reslice of 6,8,2
Reslice of 6,9,1
Reslice of 6,10,2
Reslice of 6,11,1
Reslice of 6,12,1
Reslice of 6,13,1
Reslice of 6,14,1
Reslice of 6,15,3
Reslice of 6,16,1
Reslice of 6,17,1
Reslice of 6,18,1
Reslice of 6,19,1
Reslice of 6,20,1
Reslice of 6,21,1
Reslice of 6,22,1
Reslice of 6,23,1
Reslice of 6,24,1
Reslice of 6,25,1
Reslice of 6,26,2
Reslice of 6,27,1
Reslice of 6,28,1
Reslice of 6,29,2
Reslice of 6,30,1
Reslice of 6,31,1
Reslice of 6,32,1
Reslice of 6,33,2
Reslice of 6,34,1
Reslice of 6,35,1
Reslice of 6,36,1
Reslice of 6,37,1
Reslice of 6,38,2
Reslice of 6,39,2
Reslice of 6,40,2
Reslice of 6,41,1
Reslice of 6,42,1
Reslice of 6,43,2
Reslice of 6,44,1
Reslice of 6,45,1
Reslice of 6,46,1
Reslice of 6,47,1
Reslice of 6,48,1
Reslice of 6,49,2
Reslice of 6,50,2
Reslice of 6,51,1
Reslice of 6,52,1
Reslice of 6,53,1
Reslice of 6,54,1
Reslice of 6,55,2
Reslice of 6,56,1
Reslice of 6,57,1
Reslice of 6,58,1
Reslice of 6,59,1
Reslice of 6,60,2
Reslice of 6,61,1
Reslice of 6,62,1
Reslice of 6,63,2
Reslice of 6,64,1
Reslice of 6,65,1
Reslice of 6,66,1
Reslice of 6,67,1
Reslice of 6,68,1
Reslice of 6,69,1
Reslice of 6,70,1
Reslice of 6,71,1
Reslice of 6,72,2
Reslice of 6,73,1
Reslice of 6,74,1
Reslice of 6,75,1
Reslice of 6,76,4
Reslice of 6,77,1
Reslice of 6,78,1
Reslice of 6,79,2
Reslice of 6,80,3
Reslice of 6,81,2
Reslice of 6,82,2
Reslice of 6,83,1
Reslice of 6,84,1
Reslice of 6,85,2
Reslice of 6,86,1
Reslice of 6,87,2
Reslice of 6,88,0
Reslice of 6,89,1
Reslice of 6,90,2
Reslice of 6,91,1
Reslice of 6,92,2
Reslice of 6,93,1
Reslice of 6,94,1
Reslice of 6,95,1
Reslice of 6,96,3
Reslice of 6,97,2
Reslice of 6,98,3
Reslice of 6,99,3
Reslice of 7,0,1
Reslice of 7,1,4
Reslice of 7,2,2
Reslice of 7,3,3
Reslice of 7,4,1
Reslice of 7,5,2
Reslice of 7,6,2
Reslice of 7,7,3
Reslice of 7,8,2
Reslice of 7,9,3
Reslice of 7,10,1
Reslice of 7,11,1
Reslice of 7,12,4
Reslice of 7,13,3
Reslice of 7,14,3
Reslice of 7,15,1
Reslice of 7,16,2
Reslice of 7,17,1
Reslice of 7,18,2
Reslice of 7,19,3
Reslice of 7,20,3
Reslice of 7,21,2
Reslice of 7,22,1
Reslice of 7,23,4
Reslice of 7,24,2
Reslice of 7,25,2
Reslice of 7,26,4
Reslice of 7,27,3
Reslice of 7,28,2
Reslice of 7,29,1
Reslice of 7,30,2
Reslice of 7,31,2
Reslice of 7,32,3
Reslice of 7,33,2
Reslice of 7,34,4
Reslice of 7,35,1
Reslice of 7,36,3
Reslice of 7,37,2
Reslice of 7,38,4
Reslice of 7,39,3
Reslice of 7,40,4
Reslice of 7,41,2
Reslice of 7,42,3
Reslice of 7,43,1
Reslice of 7,44,1
Reslice of 7,45,1
Reslice of 7,46,2
Reslice of 7,47,1
Reslice of 7,48,1
Reslice of 7,49,1
Reslice of 7,50,1
Reslice of 7,51,3
Reslice of 7,52,2
Reslice of 7,53,1
Reslice of 7,54,1
Reslice of 7,55,2
Reslice of 7,56,1
Reslice of 7,57,1
Reslice of 7,58,1
Reslice of 7,59,2
Reslice of 7,60,2
Reslice of 7,61,2
Reslice of 7,62,3
Reslice of 7,63,1
Reslice of 7,64,2
Reslice of 7,65,1
Reslice of 7,66,5
Reslice of 7,67,1
Reslice of 7,68,2
Reslice of 7,69,2
Reslice of 7,70,2
Reslice of 7,71,1
Reslice of 7,72,1
Reslice of 7,73,1
Reslice of 7,74,2
Reslice of 7,75,1
Reslice of 7,76,0
Reslice of 7,77,1
Reslice of 7,78,2
Reslice of 7,79,2
Reslice of 7,80,1
Reslice of 7,81,2
Reslice of 7,82,3
Reslice of 7,83,1
Reslice of 7,84,1
Reslice of 7,85,3
Reslice of 7,86,1
Reslice of 7,87,2
Reslice of 7,88,2
Reslice of 7,89,1
Reslice of 7,90,1
Reslice of 7,91,4
Reslice of 7,92,1
Reslice of 7,93,2
Reslice of 7,94,3
Reslice of 7,95,2
Reslice of 7,96,3
Reslice of 7,97,2
Reslice of 7,98,1
Reslice of 7,99,2
Reslice of 8,0,1
Reslice of 8,1,3
Reslice of 8,2,2
Reslice of 8,3,3
Reslice of 8,4,1
Reslice of 8,5,3
Reslice of 8,6,3
Reslice of 8,7,7
Reslice of 8,8,2
Reslice of 8,9,3
Reslice of 8,10,4
Reslice of 8,11,4
Reslice of 8,12,4
Reslice of 8,13,2
Reslice of 8,14,4
Reslice of 8,15,3
Reslice of 8,16,2
Reslice of 8,17,6
Reslice of 8,18,6
Reslice of 8,19,2
Reslice of 8,20,4
Reslice of 8,21,2
Reslice of 8,22,1
Reslice of 8,23,3
Reslice of 8,24,4
Reslice of 8,25,1
Reslice of 8,26,1
Reslice of 8,27,3
Reslice of 8,28,2
Reslice of 8,29,5
Reslice of 8,30,2
Reslice of 8,31,2
Reslice of 8,32,1
Reslice of 8,33,3
Reslice of 8,34,1
Reslice of 8,35,6
Reslice of 8,36,2
Reslice of 8,37,2
Reslice of 8,38,3
Reslice of 8,39,1
Reslice of 8,40,2
Reslice of 8,41,2
Reslice of 8,42,2
Reslice of 8,43,2
Reslice of 8,44,2
Reslice of 8,45,5
Reslice of 8,46,2
Reslice of 8,47,5
Reslice of 8,48,5
Reslice of 8,49,2
Reslice of 8,50,4
Reslice of 8,51,5
Reslice of 8,52,3
Reslice of 8,53,2
Reslice of 8,54,3
Reslice of 8,55,3
Reslice of 8,56,2
Reslice of 8,57,3
Reslice of 8,58,2
Reslice of 8,59,2
Reslice of 8,60,4
Reslice of 8,61,2
Reslice of 8,62,1
Reslice of 8,63,1
Reslice of 8,64,1
Reslice of 8,65,2
Reslice of 8,66,3
Reslice of 8,67,5
Reslice of 8,68,5
Reslice of 8,69,4
Reslice of 8,70,3
Reslice of 8,71,3
Reslice of 8,72,2
Reslice of 8,73,3
Reslice of 8,74,3
Reslice of 8,75,3
Reslice of 8,76,1
Reslice of 8,77,2
Reslice of 8,78,3
Reslice of 8,79,1
Reslice of 8,80,1
Reslice of 8,81,6
Reslice of 8,82,2
Reslice of 8,83,1
Reslice of 8,84,2
Reslice of 8,85,3
Reslice of 8,86,2
Reslice of 8,87,4
Reslice of 8,88,4
Reslice of 8,89,6
Reslice of 8,90,4
Reslice of 8,91,1
Reslice of 8,92,5
Reslice of 8,93,3
Reslice of 8,94,4
Reslice of 8,95,3
Reslice of 8,96,3
Reslice of 8,97,5
Reslice of 8,98,1
Reslice of 8,99,5
Reslice of 9,0,13
Reslice of 9,1,16
Reslice of 9,2,11
Reslice of 9,3,12
Reslice of 9,4,15
Reslice of 9,5,16
Reslice of 9,6,7
Reslice of 9,7,7
Reslice of 9,8,8
Reslice of 9,9,3
Reslice of 9,10,2
Reslice of 9,11,4
Reslice of 9,12,2
Reslice of 9,13,3
Reslice of 9,14,3
Reslice of 9,15,4
Reslice of 9,16,7
Reslice of 9,17,2
Reslice of 9,18,4
Reslice of 9,19,1
Reslice of 9,20,3
Reslice of 9,21,5
Reslice of 9,22,4
Reslice of 9,23,2
Reslice of 9,24,1
Reslice of 9,25,3
Reslice of 9,26,1
Reslice of 9,27,1
Reslice of 9,28,2
Reslice of 9,29,5
Reslice of 9,30,1
Reslice of 9,31,1
Reslice of 9,32,4
Reslice of 9,33,1
Reslice of 9,34,2
Reslice of 9,35,5
Reslice of 9,36,4
Reslice of 9,37,6
Reslice of 9,38,2
Reslice of 9,39,1
Reslice of 9,40,4
Reslice of 9,41,6
Reslice of 9,42,3
Reslice of 9,43,2
Reslice of 9,44,3
Reslice of 9,45,3
Reslice of 9,46,2
Reslice of 9,47,3
Reslice of 9,48,4
Reslice of 9,49,3
Reslice of 9,50,3
Reslice of 9,51,5
Reslice of 9,52,2
Reslice of 9,53,2
Reslice of 9,54,3
Reslice of 9,55,4
Reslice of 9,56,4
Reslice of 9,57,2
Reslice of 9,58,2
Reslice of 9,59,1
Reslice of 9,60,3
Reslice of 9,61,3
Reslice of 9,62,4
Reslice of 9,63,3
Reslice of 9,64,4
Reslice of 9,65,3
Reslice of 9,66,3
Reslice of 9,67,5
Reslice of 9,68,4
Reslice of 9,69,5
Reslice of 9,70,6
Reslice of 9,71,3
Reslice of 9,72,6
Reslice of 9,73,4
Reslice of 9,74,5
Reslice of 9,75,3
Reslice of 9,76,1
Reslice of 9,77,4
Reslice of 9,78,4
Reslice of 9,79,2
Reslice of 9,80,4
Reslice of 9,81,2
Reslice of 9,82,3
Reslice of 9,83,4
Reslice of 9,84,3
Reslice of 9,85,4
Reslice of 9,86,4
Reslice of 9,87,2
Reslice of 9,88,3
Reslice of 9,89,2
Reslice of 9,90,1
Reslice of 9,91,2
Reslice of 9,92,2
Reslice of 9,93,5
Reslice of 9,94,1
Reslice of 9,95,3
Reslice of 9,96,4
Reslice of 9,97,3
Reslice of 9,98,4
Reslice of 9,99,3
